app,route,concurrency,rps_n,rps_median,rps_min,rps_max,p50_ms_n,p50_ms_median,p50_ms_min,p50_ms_max,p90_ms_n,p90_ms_median,p90_ms_min,p90_ms_max,p99_ms_n,p99_ms_median,p99_ms_min,p99_ms_max,server_cpu_percent_n,server_cpu_percent_median,server_cpu_percent_min,server_cpu_percent_max,client_cpu_percent_n,client_cpu_percent_median,client_cpu_percent_min,client_cpu_percent_max,server_cpu_us_per_op_n,server_cpu_us_per_op_median,server_cpu_us_per_op_min,server_cpu_us_per_op_max,peak_rss_mib_n,peak_rss_mib_median,peak_rss_mib_min,peak_rss_mib_max,avg_bytes_n,avg_bytes_median,avg_bytes_min,avg_bytes_max
rust,room_show,1,3,2072.5,1978.5,2091.9,3,0.463,0.462,0.478,3,0.529,0.523,0.541,3,0.91,0.897,1.21,3,88.82996242144972,84.94182160799757,89.0881103964486,3,14.048557773386678,13.715321210538445,15.022098557264908,3,429.53698439770073,424.8326959847036,430.0361881785284,3,39.96484375,39.7421875,40.91015625,3,24231,24231,24231
rust,room_show,16,3,9280.1,8557.4,9523.6,3,1.591,1.57,1.631,3,2.385,2.319,2.749,3,4.671,4.203,5.639,3,357.1578700613299,322.6593600555816,363.61476138632406,3,44.729532205444364,41.12962471849629,46.4577044963947,3,382.1071002112611,377.2234716826825,385.0349480829057,3,40.74609375,39.671875,40.9296875,3,24231,24231,24231
rust,room_show,64,3,9524.0,9030.7,9740.7,3,6.343,6.247,6.559,3,9.343,9.159,10.271,3,14.639,13.735,17.743,3,363.060405459539,340.2298341324222,368.13696100051317,3,46.99243892531691,44.1235909365717,47.77089964883678,3,378.19543088638744,376.93062872471336,381.3820509121431,3,44.93359375,43.796875,45.22265625,3,24231,24231,24231
rust,messages_page,1,3,2600.7,2579.9,2619.4,3,0.37,0.368,0.372,3,0.433,0.43,0.438,3,0.631,0.574,0.664,3,94.40724025657437,93.95840632582745,94.70890080916139,3,15.311967828986592,15.190487947817177,15.353327103169182,3,363.3043394684993,361.71025004771894,364.34108527131764,3,42.62109375,41.97265625,43.13671875,3,16158,16158,16158
rust,messages_page,16,3,10795.8,10776.1,10869.0,3,1.378,1.37,1.383,3,2.003,1.979,2.007,3,3.899,3.795,3.971,3,357.67931074330187,355.1600140940299,361.0206977440116,3,49.074205523823764,49.026664613500536,49.504321481921735,3,332.061378582447,329.12711275758267,332.3061355901022,3,41.40625,40.2265625,41.49609375,3,16158,16158,16158
rust,messages_page,64,3,10937.9,10593.8,11265.7,3,5.515,5.455,5.591,3,8.171,7.775,8.351,3,12.655,10.871,14.327,3,353.98886779543966,344.7943916238851,368.4036353674472,3,49.809992099144566,48.089005597070866,51.31426948127667,3,325.67298282021943,323.781678639546,327.16911683185884,3,45.39453125,44.46484375,45.54296875,3,16158,16158,16158
rust,sidebar,1,3,1444.1,1423.6,1467.2,3,0.668,0.66,0.672,3,0.729,0.719,0.732,3,1.292,1.241,1.426,3,88.1963870923231,86.71210480557751,88.70834051115793,3,11.674203473558686,11.183148134927531,11.957324372816373,3,609.3599086838176,604.8730618504,610.9909130246648,3,43.82421875,42.61328125,44.4375,3,5910,5910,5910
rust,sidebar,16,3,6947.5,5405.5,7021.2,3,2.145,2.137,2.473,3,3.303,3.251,4.979,3,5.707,5.179,8.927,3,366.20815558481354,284.68436440605285,371.49573059035055,3,33.63463654683223,27.826567428019512,33.925401130923674,3,527.3381294964028,526.9845670455596,529.500756429652,3,41.4296875,40.46875,41.62890625,3,5910,5910,5910
rust,sidebar,64,3,7093.6,5822.6,7275.8,3,8.583,8.455,9.871,3,12.919,12.559,17.263,3,18.863,17.375,29.119,3,369.75718443166323,301.87330927786155,380.01920255151396,3,34.69583209537769,29.824072554260095,35.827162087722094,3,521.4880543671544,518.8567998113245,522.6570545829045,3,45.30078125,43.984375,45.59765625,3,5910,5910,5910
rust,search,1,3,1836.3,1706.9,1851.7,3,0.504,0.503,0.518,3,0.614,0.597,0.783,3,1.45,1.345,1.548,3,80.20941173504181,78.33001713598807,82.33792919783997,3,13.70410283055779,13.572126954858355,14.5923574937563,3,448.5739568443267,423.2482786553248,470.12302284709926,3,44.91015625,43.87890625,45.20703125,3,9766,9766,9766
rust,search,16,3,8910.0,7389.7,9167.8,3,1.625,1.598,1.916,3,2.693,2.575,3.369,3,4.387,3.969,5.767,3,320.7989667157382,260.2066299127913,331.95266474312655,3,41.51397217253708,35.899433304344214,42.66465301593239,3,360.2036665591293,352.28060680884187,362.565766158711,3,43.45703125,42.875,43.78515625,3,9766,9766,9766
rust,search,64,3,11165.7,9702.6,11305.0,3,5.299,5.227,5.995,3,8.231,8.103,10.015,3,12.399,12.079,15.111,3,348.75503803674263,300.39239144779265,356.3600534300721,3,49.90155724005116,44.29260841624567,50.769641064417016,3,312.793663579004,309.740209583151,315.55918944600364,3,47.73046875,46.58203125,48.265625,3,9766,9766,9766
rust,avatar,1,3,13365.9,13306.8,13811.9,3,0.066,0.065,0.067,3,0.079,0.077,0.081,3,0.144,0.134,0.146,3,67.59605319019037,67.47214210742105,67.97217195716776,3,47.146310429499955,46.73000611885087,47.59235302568373,3,50.500799595993925,49.23210584902807,50.819595134094186,3,47.796875,47.10546875,48.66015625,3,3368,3368,3368
rust,avatar,16,3,57874.9,47537.6,59022.1,3,0.246,0.24,0.283,3,0.419,0.415,0.571,3,0.807,0.78,0.938,3,239.00545331981903,188.50429149893225,240.86777375951115,3,154.06059137230156,127.65693003518841,154.21479258845454,3,40.82816804772316,39.670125424896305,41.31401458624435,3,47.08203125,46.3984375,48.6484375,3,3368,3368,3368
rust,avatar,64,3,62411.7,54640.5,63800.2,3,0.944,0.942,1.015,3,1.515,1.457,1.91,3,2.599,2.521,3.255,3,250.54847678381998,215.56063996640526,253.28900540837517,3,163.01165816730852,146.28428353541594,168.02934924870496,3,39.47055487459064,39.28849822359582,40.60165730039015,3,46.4140625,46.328125,47.8984375,3,3368,3368,3368
rust,static_css,1,3,14235.7,14034.0,14311.5,3,0.064,0.064,0.064,3,0.075,0.075,0.077,3,0.13,0.129,0.14,3,70.20991713099878,69.84648031030598,70.59565090028744,3,46.2252700263747,45.3054351094705,46.65361291356952,3,49.610143298679205,48.82351913637374,50.05611272422827,3,43.078125,40.453125,44.3203125,3,654,654,654
rust,static_css,16,3,63893.0,61856.8,65273.7,3,0.217,0.216,0.222,3,0.376,0.356,0.432,3,0.763,0.729,0.767,3,252.7419981154286,242.62493697888345,264.86603827887734,3,151.4656433577966,149.22831653575764,157.13801155578847,3,39.57463623808167,39.24040913481165,40.59436274509802,3,42.45703125,40.3984375,44.30859375,3,654,654,654
rust,static_css,64,3,70419.0,65703.4,71267.5,3,0.845,0.829,0.867,3,1.335,1.316,1.511,3,2.399,2.399,2.799,3,269.41759448367105,243.52253263024178,275.81227976161534,3,164.04203160162066,155.40489077645086,167.64742762417868,3,38.2759667032805,37.08514559247799,38.72388241543071,3,41.515625,40.71484375,42.890625,3,654,654,654
rust,up,1,3,8021.7,8010.6,8102.0,3,0.112,0.112,0.113,3,0.164,0.162,0.165,3,0.225,0.223,0.226,3,72.96535496172206,72.94303245899188,73.09190696594351,3,41.35948628970099,41.29649013374871,41.70508530377716,3,91.09627503587745,90.09425957637147,91.15557217651494,3,42.13671875,40.90625,42.4609375,3,90,90,90
rust,up,16,3,45771.1,44711.7,45889.2,3,0.317,0.316,0.319,3,0.5,0.499,0.511,3,1.115,1.029,1.183,3,323.95812150850395,319.55656717970345,327.3051791581291,3,127.28172928604313,126.20221525366075,129.50915017210934,3,71.35659231418686,70.80772140042546,71.50324531930471,3,40.90234375,39.5859375,41.57421875,3,90,90,90
rust,up,64,3,47886.2,36957.3,48957.0,3,1.224,1.206,1.54,3,2.091,2.014,2.721,3,3.469,3.305,5.227,3,335.9967115059856,261.5822556481738,340.147502775591,3,132.59109492554683,97.06276172491529,133.33679265429112,3,70.20115984524969,69.50965582003023,70.81458746700105,3,41.546875,40.82421875,41.98828125,3,90,90,90
rust,post_message,1,3,752.5,747.7,767.7,3,1.22,1.217,1.224,3,1.428,1.422,1.559,3,2.945,2.703,3.433,3,99.93895883189184,98.83226747278393,100.18659846361768,3,8.049482111234397,7.987034143250489,8.080011689809405,3,1322.300234035444,1302.2952954582452,1332.0046503902975,3,101.86328125,101.3984375,102.578125,3,1991,1991,1991
rust,post_message,16,3,2379.7,2338.8,2385.1,3,6.247,6.239,6.247,3,8.231,8.183,8.479,3,19.487,19.279,19.599,3,293.7811938181774,290.55233683915327,294.7971514808603,3,19.204350537469363,18.704865438520464,19.356685627413245,3,1236.5140881952454,1235.0409405836645,1242.856379853658,3,113.61328125,112.38671875,113.94921875,3,1992,1992,1992
rust,post_message,64,3,2329.6,2218.1,2357.4,3,25.551,25.279,25.967,3,35.583,35.423,37.567,3,45.823,45.375,69.567,3,288.4549144650163,283.6978288709535,296.5282918783991,3,19.18840717813769,18.973008399909048,19.585693678568067,3,1258.3936974567764,1238.7628424657523,1279.5596247823387,3,117.1171875,116.29296875,117.26953125,3,1992,1991,1992
vampfire,room_show,1,3,586.6,580.7,588.5,3,1.569,1.569,1.585,3,1.845,1.83,1.847,3,3.819,3.673,3.879,3,80.43434794593037,79.7104347609591,80.9289212218607,3,13.922189552714597,13.754394700959343,13.948115281381545,3,1373.224278949634,1371.964209629314,1375.7961783439491,3,31.37109375,31.34765625,31.56640625,3,24290,24290,24290
vampfire,room_show,16,3,2029.4,1947.3,2081.3,3,7.419,7.259,7.643,3,11.583,11.335,12.815,3,16.463,15.719,21.327,3,309.3661720025624,295.22276498702155,312.1135219254784,3,38.490343258496516,36.049307447598416,38.78210262577937,3,1516.763895121482,1500.240038406145,1525.726243229936,3,39.96484375,39.7890625,40.00390625,3,24290,24290,24290
vampfire,room_show,64,3,2039.8,1749.0,2054.2,3,31.759,30.623,34.751,3,47.615,43.775,50.815,3,57.471,56.031,75.903,3,310.6622185011289,264.6811717446851,311.10837660212417,3,38.767880660023536,33.5210487195601,38.94215037602753,3,1515.2250394273926,1514.029340549779,1523.9433178597608,3,40.00390625,39.9453125,40.09765625,3,24290,24290,24290
vampfire,messages_page,1,3,1475.1,1446.2,1486.1,3,0.616,0.615,0.622,3,0.681,0.679,0.696,3,2.327,2.327,2.403,3,86.447765447076,86.0840742121249,86.83391848453695,3,9.008369350101294,8.840034801737646,9.063299612389102,3,586.2916207743796,584.5739759441497,595.5056179775281,3,40.00390625,39.9453125,40.09765625,3,18089,18089,18089
vampfire,messages_page,16,3,4261.2,3692.6,4406.9,3,3.383,3.117,3.813,3,7.023,6.751,8.207,3,10.023,9.743,13.095,3,292.3863920812039,239.80516131114294,299.8659774268958,3,20.87650080286589,18.299168594155926,21.94304571845664,3,680.7292109665165,649.9746235831498,686.4498724452393,3,40.00390625,39.9453125,40.09765625,3,18089,18089,18089
vampfire,messages_page,64,3,4196.1,3437.7,4282.5,3,14.551,14.223,17.839,3,22.911,19.871,28.783,3,32.287,25.087,49.727,3,287.0975403701836,231.98705714564238,295.75369745934853,3,20.918772369695734,17.473725386629066,21.518737288547662,3,684.5078798691643,675.2353367125274,690.9408680454413,3,40.00390625,39.9453125,40.09765625,3,18089,18089,18089
vampfire,sidebar,1,3,2570.6,1680.3,2584.4,3,0.367,0.366,0.448,3,0.397,0.397,0.987,3,0.989,0.764,2.655,3,82.08602557841301,62.32327828295865,82.21206792438875,3,12.383470331809606,10.016899534802041,12.56449033166091,3,319.4593017601864,318.2433739601469,371.1692948527231,3,40.00390625,39.9453125,40.09765625,3,1722,1722,1722
vampfire,sidebar,16,3,6987.9,4552.9,7611.5,3,1.947,1.896,2.705,3,4.017,3.835,6.951,3,6.855,5.891,14.207,3,310.8478816715367,176.82662013923482,333.02688500104193,3,27.158425986726805,18.929695251546203,29.430432760121374,3,437.7165186267588,388.730385164051,445.0921836161731,3,40.00390625,39.9453125,40.09765625,3,1722,1722,1722
vampfire,sidebar,64,3,7224.5,4752.3,7371.0,3,8.359,8.311,11.855,3,13.991,12.983,23.247,3,17.711,16.927,42.079,3,323.80546384533176,185.1416136775329,323.9951706384881,3,28.825636557508805,19.456116048810884,29.024652620646087,3,439.80423038493456,390.12864268837,448.4033729610172,3,40.00390625,39.9453125,40.09765625,3,1722,1722,1722
vampfire,search,1,3,1906.6,1257.6,1932.5,3,0.488,0.484,0.597,3,0.551,0.55,1.183,3,2.099,2.041,3.197,3,84.19702806072677,63.67823924856327,84.33507872436144,3,10.680430485926315,8.450277151293983,10.916370072337646,3,441.85131768716275,436.58236854019793,506.9078620415488,3,40.21875,40.203125,40.35546875,3,5955,5955,5955
vampfire,search,16,3,5230.3,3289.4,5885.4,3,2.607,2.373,3.531,3,5.599,4.935,10.287,3,9.583,7.359,20.463,3,264.975703715485,164.19489935467467,312.31738343226806,3,21.757889272004455,15.348617289822569,25.340341066691753,3,506.90363575557785,499.62034927866347,530.9866032568309,3,40.27734375,40.2265625,40.375,3,5955,5955,5955
vampfire,search,64,3,5112.5,4429.8,5754.2,3,11.511,11.447,13.519,3,19.311,16.031,24.831,3,31.311,21.887,40.511,3,255.68182899053303,223.78147854397673,304.0577197059058,3,21.796670229090694,19.765764014758822,24.752319613055075,3,505.5198828433026,500.70797324349445,528.6678091849795,3,40.27734375,40.2265625,40.375,3,5955,5955,5955
vampfire,avatar,1,3,4600.5,2536.5,4747.9,3,0.193,0.192,0.262,3,0.247,0.238,0.735,3,0.859,0.449,2.173,3,72.58852235039399,49.83609428940278,73.71602583142905,3,18.97296558370042,13.562961757229647,19.746661678231714,3,157.85469760365163,155.32447018559972,196.62921348314651,3,40.27734375,40.2265625,40.375,3,8600,8600,8600
vampfire,avatar,16,3,15731.8,9079.8,18409.2,3,0.577,0.439,1.104,3,2.515,2.159,3.793,3,5.875,4.811,9.327,3,253.1793863544999,150.5017463133708,295.6518486598028,3,48.927597137057504,31.347977515183807,59.72882750484022,3,161.0097463719191,160.7352551875811,165.83405584685443,3,40.27734375,40.2265625,40.375,3,8600,8600,8600
vampfire,avatar,64,3,16543.1,10103.2,19282.8,3,3.291,2.767,5.175,3,7.383,6.307,12.351,3,12.871,10.463,25.695,3,254.1579546028287,162.6572805685587,305.22621882690856,3,54.15398562609983,34.58172429620224,62.91350547591422,3,158.36503009842735,153.74745263793497,161.086935021264,3,40.27734375,40.2265625,40.375,3,8600,8600,8600
vampfire,static_css,1,3,10663.5,5320.6,10834.7,3,0.08,0.079,0.098,3,0.093,0.091,0.336,3,0.205,0.184,1.308,3,80.21461301199639,44.83640905585386,82.0911879542825,3,40.728619911178235,24.889827188693438,41.356728325886536,3,75.79690582494023,75.25583467160575,84.33168898285184,3,40.27734375,40.2265625,40.375,3,30105,30105,30105
vampfire,static_css,16,3,31110.2,18513.9,39319.4,3,0.315,0.226,0.429,3,0.732,0.599,2.009,3,4.131,2.799,6.015,3,211.8705573386455,132.8568062691912,269.9300638693325,3,99.58263482740207,64.95039613793772,125.97096470473632,3,68.6812313677132,68.13269807091257,71.82104140510047,3,40.27734375,40.2265625,40.375,3,30105,30105,30105
vampfire,static_css,64,3,34258.1,24304.0,41240.9,3,1.448,0.795,1.874,3,3.757,3.589,5.655,3,8.335,7.631,14.575,3,231.18211733729206,167.1820130983372,274.0133332169572,3,112.52986790196915,82.33664240014453,131.791158770524,3,67.52371715875358,66.47336672150567,68.8496457326065,3,40.27734375,40.2265625,40.375,3,30105,30105,30105
vampfire,up,1,3,13082.8,6183.3,13302.4,3,0.063,0.063,0.079,3,0.076,0.074,0.273,3,0.163,0.159,1.238,3,60.47373717181189,33.35502375908461,60.71354422883558,3,41.78394810569984,24.127774935495676,42.76785156977317,3,46.433416773354836,45.479745538944144,53.97101332093524,3,40.27734375,40.2265625,40.375,3,11,11,11
vampfire,up,16,3,52535.4,24555.3,54868.6,3,0.181,0.16,0.317,3,0.381,0.376,1.501,3,2.345,2.339,5.107,3,225.1248116729363,109.88862819142335,235.74893967722144,3,118.0364992801717,62.11389774330828,123.37412904568083,3,42.985229664592204,42.8719954510958,44.786450063108234,3,40.27734375,40.2265625,40.375,3,11,11,11
vampfire,up,64,3,50742.7,27095.6,56422.4,3,0.727,0.62,1.521,3,2.713,2.487,5.347,3,6.579,5.935,12.151,3,213.7592143999251,117.07448861781991,239.28617398778255,3,114.13578359774996,66.58710142319643,127.42867979184042,3,42.42805388982871,42.144961929215185,43.240751411778376,3,40.27734375,40.2265625,40.375,3,11,11,11
vampfire,post_message,1,3,558.3,541.1,666.9,3,0.987,0.795,1.045,3,4.707,4.187,4.839,3,8.019,5.795,8.463,3,79.69388986032546,79.19686198602251,98.32226017331932,3,4.726634614645355,4.660050360062571,4.812196203519203,3,1464.541464541472,1428.2516230132069,1474.88755622189,3,41.44140625,41.25390625,42.87109375,3,403,403,403
vampfire,post_message,16,3,1228.7,1227.2,1475.8,3,7.763,7.131,9.183,3,22.735,17.999,26.063,3,95.743,86.207,106.111,3,106.37685849715899,105.18681037352684,125.8173816879707,3,8.931927952835853,8.745931011807373,9.722429061700932,3,856.6539158445732,852.9163144547787,867.6261909588487,3,44.70703125,43.44921875,49.1640625,3,403,402,403
vampfire,post_message,64,3,1459.4,486.3,1461.7,3,35.679,35.519,83.263,3,75.263,73.343,254.463,3,166.783,163.711,730.111,3,128.37195493463022,57.04540181924776,139.04146215764666,3,9.888704815799759,4.603979882865151,9.948559510751481,3,951.6924647048817,880.1291309149616,1173.8811445341187,3,45.7421875,44.83984375,54.34765625,3,402,400,402
