app,route,concurrency,rps_n,rps_median,rps_min,rps_max,p50_ms_n,p50_ms_median,p50_ms_min,p50_ms_max,p90_ms_n,p90_ms_median,p90_ms_min,p90_ms_max,p99_ms_n,p99_ms_median,p99_ms_min,p99_ms_max,server_cpu_percent_n,server_cpu_percent_median,server_cpu_percent_min,server_cpu_percent_max,client_cpu_percent_n,client_cpu_percent_median,client_cpu_percent_min,client_cpu_percent_max,host_unaccounted_cpu_percent_n,host_unaccounted_cpu_percent_median,host_unaccounted_cpu_percent_min,host_unaccounted_cpu_percent_max,server_cpu_us_per_op_n,server_cpu_us_per_op_median,server_cpu_us_per_op_min,server_cpu_us_per_op_max,peak_rss_mib_n,peak_rss_mib_median,peak_rss_mib_min,peak_rss_mib_max,avg_bytes_n,avg_bytes_median,avg_bytes_min,avg_bytes_max
rust,room_show,1,3,3961.4,3761.7,3993.8,3,0.235,0.233,0.24,3,0.3,0.295,0.317,3,0.532,0.463,0.616,3,83.45785476433551,83.21129975721782,83.58453082547103,3,18.569588581770745,18.504243074759433,18.713976742184755,3,90.23327420109814,85.00723949673302,91.56517316662531,3,211.0942824687618,209.07013864980752,221.30657273875187,3,40.19921875,39.65234375,40.83203125,3,24232,24232,24232
rust,room_show,16,3,21141.7,20844.4,21207.3,3,0.668,0.667,0.669,3,1.09,1.082,1.111,3,2.607,2.553,2.715,3,339.22897406726037,333.35849485187026,340.7123527941168,3,78.44567370624898,78.41883501589844,78.92732791760946,3,76.8321277088989,75.3174505636686,83.17511773253622,3,160.54571355949238,160.01966521176075,160.7514304402397,3,41.2265625,41.02734375,41.86328125,3,24232,24232,24232
rust,room_show,64,3,21433.2,21244.0,21637.3,3,2.691,2.687,2.699,3,4.435,4.427,4.451,3,7.923,7.639,8.035,3,338.4436858844413,336.6374474849473,341.82335960612204,3,85.98797404036254,85.33386612589071,86.52155108251887,3,76.83966562714694,74.69395558214886,77.30534607958147,3,158.10732833237165,158.04405193957862,158.59579821065375,3,46.68359375,45.96484375,46.84765625,3,24232,24232,24232
rust,messages_page,1,3,4033.7,3932.2,4049.2,3,0.232,0.23,0.236,3,0.293,0.29,0.299,3,0.493,0.45,0.494,3,83.58370348322428,83.58228822058598,84.46165494752893,3,17.65452736083037,17.61350358175006,17.92700153836649,3,89.2682201259362,83.340663868464,94.9148550547897,3,209.47600012395043,206.519725875162,212.65774500143038,3,43.078125,42.8828125,43.3515625,3,16158,16158,16158
rust,messages_page,16,3,20885.3,20180.5,20941.0,3,0.685,0.683,0.695,3,1.108,1.101,1.15,3,2.519,2.427,2.667,3,340.5967593134225,333.23875204752017,343.22068639691685,3,73.97442448220927,73.09043287191031,74.2735868381467,3,76.11163108505144,72.6562472139443,78.72642422147091,3,163.98725339253107,163.16737370534136,165.22939585100266,3,42.40625,41.703125,42.8828125,3,16158,16158,16158
rust,messages_page,64,3,20540.7,20463.0,21268.0,3,2.781,2.743,2.789,3,4.663,4.503,4.695,3,8.147,7.655,8.151,3,328.5049042010202,326.6490118365067,341.0637600824894,3,78.43147537344771,77.74765526739735,80.43913280786332,3,92.87017045634236,77.05170701301284,93.18784748751632,3,160.06079027355614,159.75981107090328,160.49940979909678,3,46.74609375,46.17578125,47.48828125,3,16158,16158,16158
rust,sidebar,1,3,4481.3,4362.3,4494.6,3,0.211,0.211,0.213,3,0.272,0.271,0.28,3,0.465,0.401,0.471,3,84.08763069760454,83.0864483537032,84.70614748582432,3,19.061756696688256,18.96493431193536,19.250205512549414,3,83.20225711443,73.01557471954781,84.61403425934397,3,189.11078879839343,187.1628010456641,190.54987248918323,3,43.76171875,43.390625,43.97265625,3,5911,5911,5911
rust,sidebar,16,3,23685.5,23501.0,23785.5,3,0.587,0.586,0.588,3,1.004,1.001,1.015,3,2.353,2.249,2.415,3,337.39924026618274,334.48638343306857,339.6532275883742,3,79.14557286832772,79.08439673135665,79.68970322555745,3,75.45648574751013,74.3791850284342,86.65997623707189,3,142.52019607739672,142.41196303032237,142.86765169507555,3,42.44921875,41.8828125,43.76171875,3,5911,5911,5911
rust,sidebar,64,3,24638.1,23778.1,24735.2,3,2.359,2.355,2.377,3,4.045,4.007,4.207,3,7.027,6.887,7.839,3,344.51378317336037,333.5025270018944,346.0770861955518,3,83.28165101220495,82.93496141406482,85.73540819623186,3,81.11133900227192,78.32060057649596,92.61897080805586,3,140.0034319514682,139.91969826012908,140.34774292875426,3,46.16015625,46.11328125,46.7265625,3,5911,5911,5911
rust,search,1,3,4433.3,4129.5,4452.6,3,0.213,0.21,0.221,3,0.278,0.276,0.31,3,0.424,0.401,0.451,3,83.58955048672041,82.71379161276441,83.58985457265364,3,19.723753325647365,19.667171844193653,20.071760810635688,3,86.41284065898563,85.75874266362926,87.72920858495745,3,188.6260467476809,187.8105611858173,200.38139056209718,3,44.4375,44.08203125,44.625,3,9762,9762,9762
rust,search,16,3,23297.5,22974.9,23936.9,3,0.591,0.587,0.594,3,1.025,0.99,1.039,3,2.375,2.193,2.521,3,334.3898229173162,327.645002956623,342.1166073357068,3,83.74402764498505,81.01955168536345,84.13705325339133,3,73.27054367277904,71.87011818088165,89.61067097104615,3,143.00557089974998,142.6854012652925,143.6050940380015,3,42.6015625,42.359375,43.13671875,3,9762,9762,9762
rust,search,64,3,24090.5,24009.2,24452.2,3,2.371,2.357,2.387,3,4.107,4.019,4.139,3,7.347,7.063,7.399,3,337.44158331328265,335.87360654520563,341.5030219523902,3,86.49057069907673,86.2425442871168,89.9697509630566,3,85.59964505222923,75.10459980281571,85.62588983342478,3,140.00166482841877,139.7705046956149,140.1784371970533,3,46.82421875,46.80859375,47.62890625,3,9762,9762,9762
rust,avatar,1,3,13667.7,13444.5,13689.0,3,0.066,0.066,0.067,3,0.078,0.078,0.079,3,0.133,0.131,0.134,3,67.47148534348403,66.22206205225389,67.72135829875751,3,48.66629525317013,48.57064529667364,49.06093953435896,3,71.53290641452939,67.25536788150079,73.13750704601367,3,49.3087641762695,49.27573960095959,49.56878812543975,3,46.8828125,46.3359375,46.93359375,3,3368,3368,3368
rust,avatar,16,3,58839.0,55957.3,58879.1,3,0.245,0.245,0.252,3,0.406,0.399,0.43,3,0.768,0.758,0.804,3,241.98679673852757,231.54136094093465,243.10920585394337,3,159.3729633203148,154.42312181273053,161.06283894974885,3,72.80359548025505,68.8698522473639,87.22867051843775,3,41.3378508990876,41.11749584473423,41.400612862980736,3,46.85546875,46.3125,46.921875,3,3368,3368,3368
rust,avatar,64,3,62256.3,60794.3,62297.3,3,0.962,0.961,0.976,3,1.458,1.455,1.464,3,2.729,2.659,2.745,3,249.62191126998786,248.7629422279058,250.74879515752437,3,169.5434716441652,168.67735607211512,169.63308600238062,3,86.33768730016264,75.74312992997575,91.04455700310675,3,40.276490500393365,39.98217662006097,41.08578275712529,3,46.31640625,45.78125,46.86328125,3,3368,3368,3368
rust,static_css,1,3,14242.0,13887.3,14329.5,3,0.064,0.063,0.064,3,0.074,0.074,0.075,3,0.129,0.128,0.13,3,69.58633504277533,68.31844355755754,69.7206102947663,3,46.88269978246914,46.19488322928,47.227770857316465,3,71.067579999591,67.95822718522969,84.44696679329962,3,48.97443323942165,48.58772832743064,49.21454663235717,3,42.47265625,41.46875,42.50390625,3,654,654,654
rust,static_css,16,3,63807.3,61861.0,64170.5,3,0.224,0.22,0.225,3,0.367,0.354,0.408,3,0.687,0.672,0.774,3,254.60161706254328,238.86250300871234,257.3398445415584,3,155.8962904398926,150.95378111558915,160.52270916208803,3,76.83386993896315,70.59259582459492,100.65138679979131,3,39.92101984689759,38.63094516507052,40.12122061997028,3,41.0625,39.91015625,41.390625,3,654,654,654
rust,static_css,64,3,69746.8,69024.6,70402.6,3,0.863,0.854,0.872,3,1.288,1.279,1.334,3,2.223,2.161,2.335,3,271.36234718976004,263.84662611351445,276.9456236736125,3,169.7586320444435,169.70574786432536,171.6174781874919,3,74.39440582343263,73.52692793383675,87.46997647110247,3,38.930163979655305,38.24849757439721,39.36623555491662,3,40.4609375,40.44921875,40.91796875,3,654,654,654
rust,up,1,3,7073.0,6885.9,7084.9,3,0.128,0.127,0.129,3,0.178,0.178,0.185,3,0.238,0.238,0.252,3,75.71730907173027,74.4694492523277,76.09305046840859,3,36.60345614211866,36.03579148294938,36.790178350176994,3,78.91704964666552,77.0356773714533,86.2199734307536,3,107.44530698659095,107.09362739900332,108.19053151321587,3,40.71484375,40.6953125,41.1875,3,90,90,90
rust,up,16,3,38883.9,38425.6,38928.2,3,0.385,0.381,0.387,3,0.583,0.569,0.586,3,1.221,1.169,1.299,3,339.9353243797743,336.77205733176316,340.9294295428567,3,119.17652318439593,117.65866325740369,122.39684304675178,3,79.08474639772052,78.36613610478567,88.451831770844,3,87.61875407351744,87.46299457092982,87.6836363991166,3,39.4609375,39.39453125,39.95703125,3,90,90,90
rust,up,64,3,39547.7,39096.8,40117.9,3,1.493,1.485,1.529,3,2.505,2.479,2.523,3,3.979,3.859,4.025,3,343.05298352266783,340.5397854842961,346.28556971094196,3,122.51285915919657,119.60884906202193,124.854841860849,3,84.09292239938621,81.56782194169189,87.18758832871127,3,86.80078461844617,86.36853481838631,87.1524448705658,3,40.50390625,40.4609375,41.00390625,3,90,90,90
rust,post_message,1,3,695.1,650.6,697.1,3,1.279,1.272,1.304,3,1.494,1.456,1.768,3,2.951,2.241,3.107,3,97.04892279837864,95.93477212274549,97.30588798380178,3,13.212803037495224,13.115694889446615,13.345238591699497,3,77.33367769421159,75.72402911387515,89.68940596790877,3,1392.9723915381928,1381.0465743571312,1496.6378482228556,3,102.0234375,101.88671875,102.48828125,3,1997,1997,1997
rust,post_message,16,3,2082.1,2016.7,2095.4,3,7.111,7.099,7.183,3,9.383,9.327,9.807,3,20.095,20.015,22.479,3,297.7074055800495,296.5548394106061,298.6755117152625,3,34.157510089795345,34.07121918511706,34.41797062727282,3,74.38372998799248,70.54699401597946,77.33958080873501,3,1436.95717280623,1422.5242949979106,1472.1912547999493,3,113.09765625,112.171875,113.52734375,3,1998,1998,1998
rust,post_message,64,3,2072.0,2059.9,2108.7,3,28.991,28.703,29.103,3,38.911,38.271,39.583,3,48.735,45.343,49.343,3,299.7819734908064,299.55092286706787,303.39430749137784,3,35.45440116308868,35.376939110964194,35.61959879638804,3,69.86558887968799,68.12238307450467,74.5402284163084,3,1448.246827449332,1440.97837646225,1458.0184972495922,3,116.5625,116.08203125,117.98046875,3,1998,1998,1998
vampfire,room_show,1,3,945.1,933.8,945.5,3,1.006,1.005,1.006,3,1.253,1.253,1.257,3,2.643,2.625,2.819,3,39.476822739615045,38.98062311110464,39.481624964746494,3,55.92346674087872,55.502085452743735,56.181827569054676,3,76.12400678981611,72.75816282191,82.05453649182594,3,417.71315267680103,417.614777138268,417.9341356963364,3,35.44140625,35.36328125,35.61328125,3,5462,5462,5462
vampfire,room_show,16,3,3208.1,3159.4,3225.3,3,4.779,4.767,4.783,3,6.323,6.271,6.487,3,8.647,8.503,9.407,3,135.72724142020724,132.8363149236734,137.47806322343436,3,184.4246523001551,180.57859788421504,185.07421737681213,3,69.77839573672573,67.5510360069014,81.97287794613783,3,423.28660436137073,420.653119316834,426.4631831738777,3,36.12109375,35.79296875,36.13671875,3,5462,5462,5462
vampfire,room_show,64,3,3336.9,3321.2,3369.0,3,18.767,18.767,18.895,3,22.175,22.111,22.575,3,30.095,26.895,31.487,3,140.92520436984339,140.29844571198888,142.18478581432518,3,193.7943178213539,193.42138806616376,195.91427300956605,3,75.09657428147116,72.7539112252959,75.21486893438095,3,422.32668319946686,420.73011246870686,424.5973645680819,3,36.14453125,35.79296875,36.16796875,3,5462,5462,5462
vampfire,messages_page,1,3,8861.1,8756.6,8939.8,3,0.096,0.096,0.096,3,0.129,0.126,0.133,3,0.21,0.208,0.213,3,71.20740885410845,70.20859799735318,71.71808423266053,3,31.397040283036116,31.050865107787363,31.52018754880952,3,82.88098906250913,71.5571433538606,85.78563722203522,3,80.25727069351228,80.22382733320006,80.40626322471438,3,36.16796875,35.90625,36.16796875,3,2883,2883,2883
vampfire,messages_page,16,3,30011.4,29403.4,30114.6,3,0.373,0.372,0.379,3,0.921,0.847,0.926,3,2.971,2.885,2.977,3,263.086985254213,260.08017970176456,265.1977485947285,3,91.76506525541741,88.87508119284368,91.97262784340009,3,73.75737323617908,66.04675603289174,77.76610983209315,3,88.10627534144814,87.70651218770695,88.494446782194,3,36.265625,35.921875,44.37890625,3,2883,2883,2883
vampfire,messages_page,64,3,30423.3,30002.3,32359.2,3,1.659,1.544,1.692,3,3.887,3.773,3.903,3,6.455,6.187,6.527,3,261.3227995415276,260.7492208729234,271.98254241425263,3,92.46678151726442,92.07114902678269,97.70108458487073,3,74.31406467783656,66.68671181648659,80.2085322774133,3,85.95517846069183,84.12185508186342,86.96883027131442,3,36.2890625,35.921875,44.37890625,3,2883,2883,2883
vampfire,sidebar,1,3,9224.8,9223.2,9367.3,3,0.095,0.094,0.095,3,0.123,0.114,0.124,3,0.204,0.198,0.205,3,70.96743593924236,70.59394529798192,70.96965958268287,3,31.966621369457478,31.62766235621013,32.84778756027258,3,68.20153009964513,63.359890103627315,70.2396841546783,3,76.96476964769657,75.39465431884607,76.9783295160395,3,36.2890625,35.921875,44.4140625,3,463,463,463
vampfire,sidebar,16,3,32481.7,32305.6,33031.9,3,0.351,0.33,0.352,3,0.822,0.806,0.833,3,2.893,2.821,2.949,3,269.2157548791139,264.8312946447158,271.21355555499116,3,93.24819230812348,91.13749272579736,93.90065405133382,3,71.25905587942147,70.52993049954708,82.24449257881514,3,82.1464787879705,82.01572999802694,82.9209730420261,3,44.10546875,36.296875,44.4140625,3,463,463,463
vampfire,sidebar,64,3,34050.6,32597.3,34430.8,3,1.544,1.464,1.594,3,3.561,3.529,3.637,3,5.747,5.735,6.315,3,277.3660601014427,267.35947802053704,277.47324013936725,3,97.24592687744887,92.99861554197722,98.7536002937163,3,69.72319619539213,65.83223701551017,70.83867318173421,3,81.53799296175205,80.60360157650625,82.06932769082752,3,44.11328125,36.296875,44.4140625,3,463,463,463
vampfire,search,1,3,9312.4,9189.4,9387.1,3,0.094,0.093,0.094,3,0.121,0.119,0.124,3,0.203,0.2,0.204,3,70.59128702105386,70.21655530168832,70.84341436752327,3,32.039677566259215,31.95159370426901,32.422603116845,3,71.1529312961572,67.91575716652913,73.49817973882213,3,75.50134490931833,75.43421653109989,76.85401817291482,3,44.1953125,36.5390625,44.55859375,3,1143,1143,1143
vampfire,search,16,3,33089.3,31265.5,33110.9,3,0.349,0.343,0.357,3,0.79,0.785,0.849,3,2.895,2.827,2.967,3,272.46904252832314,261.2006093538114,273.8437559004875,3,93.12801982309263,89.38559537240664,96.63872437783067,3,72.77701844997154,64.76918283902545,78.79663253907854,3,82.74352150689849,82.38240393441139,83.6157830785956,3,44.48046875,36.6484375,44.67578125,3,1143,1143,1143
vampfire,search,64,3,31973.5,31825.1,33327.1,3,1.518,1.454,1.635,3,3.885,3.791,3.905,3,6.783,6.675,6.839,3,262.4661509628129,257.6100993770929,267.6045719008545,3,93.18096516363782,92.56500285089872,97.53265077078372,3,79.28866225190568,74.01321948474231,98.61340827120014,3,80.99343572348376,80.34432209712544,82.1427454903555,3,44.48046875,36.6484375,44.67578125,3,1143,1143,1143
vampfire,avatar,1,3,6713.4,6711.0,6740.0,3,0.131,0.13,0.131,3,0.179,0.178,0.179,3,0.247,0.245,0.25,3,78.08906421626425,77.21760227676911,78.21704482290046,3,32.750259171470425,32.62911487935932,33.015931408133184,3,72.82645354234123,68.1874958114908,75.82918480810196,3,115.91031323603049,115.06665673642621,116.59744081655496,3,44.4921875,36.65625,44.69140625,3,14936,14936,14936
vampfire,avatar,16,3,27791.9,27286.2,27917.4,3,0.391,0.359,0.391,3,0.954,0.944,1.025,3,3.553,3.527,3.631,3,322.03490954035277,318.9416319492662,323.53496544287685,3,104.85240548973044,101.84694547467392,106.95199033734563,3,68.68127661689347,66.1814505187334,73.02878581595698,3,115.94592174769454,115.93029792017988,116.94325984490017,3,44.5,36.66796875,44.69921875,3,14936,14936,14936
vampfire,avatar,64,3,28162.8,27721.3,28436.9,3,1.605,1.57,1.714,3,4.331,4.303,4.739,3,8.079,7.823,8.479,3,322.03966772642735,321.15304695430723,326.1666275235503,3,108.71186679623351,106.44806287607638,110.82456716306208,3,75.97985376569488,75.16405703081301,78.77014131798775,3,114.77137962840952,114.42155027895801,115.92739663666316,3,44.5,36.66796875,44.703125,3,14936,14936,14936
vampfire,static_css,1,3,11122.1,10801.7,11233.0,3,0.077,0.076,0.077,3,0.093,0.092,0.096,3,0.179,0.176,0.181,3,64.47215662777049,64.34843349450496,64.71426942407898,3,38.679531438238094,38.57332896687965,39.64703156607375,3,68.88026541576248,65.68448190256217,74.25811249550652,3,57.8794758254847,57.4194625271243,59.94121595038078,3,44.5,36.66796875,44.703125,3,7438,7438,7438
vampfire,static_css,16,3,47279.1,44613.0,48708.5,3,0.21,0.208,0.218,3,0.442,0.437,0.463,3,2.589,2.545,2.735,3,263.3369131502321,255.9687684066808,271.4639246741253,3,125.16299796244009,119.392515785656,128.36051124747422,3,70.52148050525399,68.61773138516281,80.58458076314241,3,55.76026933262173,55.72665388936616,57.40524912029049,3,44.5,36.66796875,44.640625,3,7438,7438,7438
vampfire,static_css,64,3,48426.2,44249.8,49291.4,3,0.708,0.706,0.715,3,2.993,2.963,3.363,3,6.483,6.371,7.111,3,269.09206620841667,251.09813658950344,272.6502358374545,3,131.83661938643786,122.31465958735058,132.53424346982018,3,76.44438591989035,69.33179652824043,83.08386586821166,3,55.60400658475292,55.35111462546768,56.784650355080586,3,44.5,36.66796875,44.640625,3,7438,7438,7438
vampfire,up,1,3,13543.8,13286.4,13712.9,3,0.062,0.061,0.062,3,0.074,0.072,0.075,3,0.149,0.144,0.162,3,58.59945100761982,58.46635699729133,59.72403564689077,3,44.6992799905088,43.68075250355666,45.380039587921864,3,80.74618400212223,74.31777291828064,85.36998847853211,3,44.029239931133816,42.75062439611323,44.1154754873004,3,44.50390625,36.66796875,44.640625,3,11,11,11
vampfire,up,16,3,57837.4,56784.3,60088.5,3,0.181,0.177,0.187,3,0.355,0.335,0.368,3,2.293,2.259,2.313,3,230.45309184497563,225.98605231220063,235.61043380767904,3,134.62717388337066,134.37720032404044,136.1327361886411,3,70.62636376866342,66.59772094200208,73.61330130702522,3,39.81722375562916,39.230287612506295,39.87034035656399,3,44.50390625,36.66796875,44.640625,3,11,11,11
vampfire,up,64,3,61626.1,60698.3,61955.4,3,0.743,0.694,0.744,3,2.127,2.127,2.175,3,4.911,4.719,5.287,3,238.2834052819043,236.61833722625806,241.70643907591756,3,142.5142755407459,141.07983632831275,143.88585809285533,3,68.73091140000787,66.38412983312976,73.60002409099438,3,39.007741853145724,38.482638440686685,39.24915713651452,3,44.50390625,36.66796875,44.640625,3,11,11,11
vampfire,post_message,1,3,410.8,390.6,414.2,3,1.991,1.913,2.011,3,3.807,3.779,3.929,3,13.535,12.295,14.439,3,110.8005635436758,110.29277526894343,111.02117435689125,3,3.6061922803210806,3.5885017238864716,3.6309056115737626,3,73.06191887018316,70.4910858841053,79.60560799180563,3,2698.5092789777755,2682.3387582881187,2825.5999999999945,3,49.609375,41.5234375,49.84375,3,435,434,435
vampfire,post_message,16,3,925.7,856.1,966.7,3,14.895,9.727,16.495,3,33.151,32.703,42.591,3,54.847,53.567,70.719,3,113.46640885116066,112.24044524805785,114.05708102991878,3,7.193807523264612,6.859869722477339,7.487506067143837,3,75.04563744014283,66.83837398507055,79.74694834009424,3,1226.7059927604282,1180.7786200693818,1312.1908641256882,3,49.68359375,43.82421875,49.8828125,3,436,436,436
vampfire,post_message,64,3,624.7,618.7,654.5,3,98.559,95.615,99.199,3,141.183,139.135,161.279,3,176.639,171.775,221.311,3,109.17990019172579,108.69932531363354,109.52459321643077,3,5.673433646323265,5.652050196659258,5.898723855691605,3,73.51204641282678,73.36252103632445,74.21420893703629,3,1749.1166077738562,1674.8212269476917,1758.3708635206615,3,49.7578125,43.84765625,49.8984375,3,436,436,436
